<?xml version="1.0" encoding="utf-8"?>
<window>
	<defaultcontrol></defaultcontrol>
	<controls>
		<control type="group" id="0">
			<control type="label" id="10">
				<left>45</left>
				<top>15</top>
				<width>1770</width>
				<height>100</height>
				<label></label>
				<font>font12</font>
				<shadowcolor>black</shadowcolor>
			</control>
			<control type="label" id="11">
				<left>45</left>
				<top>45</top>
				<width>1770</width>
				<height>100</height>
				<label></label>
				<font>font12</font>
				<shadowcolor>black</shadowcolor>
			</control>
			<control type="label" id="12">
				<left>45</left>
				<top>75</top>
				<width>1770</width>
				<height>100</height>
				<label></label>
				<font>font12</font>
				<shadowcolor>black</shadowcolor>
			</control>
		</control>
		<control type="group" id="1">
			<depth>DepthOSD+</depth>
			<visible>Player.Caching + Integer.IsGreater(Player.CacheLevel,0)</visible>
			<animation effect="fade" delay="300" time="200">Visible</animation>
			<animation effect="fade" delay="200" time="150">Hidden</animation>
			<centerleft>50%</centerleft>
			<width>110</width>
			<centertop>50%</centertop>
			<height>110</height>
			<control type="image" id="1">
				<centerleft>50%</centerleft>
				<centertop>50%</centertop>
				<width>110</width>
				<height>110</height>
				<texture colordiffuse="BFFFFFFF">osd/buffer-bg.png</texture>
			</control>
			<control type="image" id="1">
				<centerleft>50%</centerleft>
				<centertop>50%</centertop>
				<width>92</width>
				<height>92</height>
				<texture>dialogs/extendedprogress/loading-back.png</texture>
			</control>
			<control type="image" id="1">
				<centerleft>50%</centerleft>
				<centertop>50%</centertop>
				<width>92</width>
				<height>92</height>
				<texture colordiffuse="button_focus">$INFO[Player.CacheLevel,dialogs/volume/progress/p,.png]</texture>
			</control>
			<control type="label" id="1">
				<description>buffering value</description>
				<label>$INFO[Player.CacheLevel]</label>
				<centerleft>50%</centerleft>
				<centertop>50%</centertop>
				<width>200</width>
				<height>200</height>
				<aligny>center</aligny>
				<align>center</align>
				<font>font13</font>
			</control>
		</control>
		<control type="group" id="2">
			<depth>DepthOSD+</depth>
			<visible>String.IsEqual(Player.Process(av.change),1)</visible>
			<visible>true</visible>
			<animation type="Hidden">
				<effect type="fade" start="100" end="0" delay="3000" time="500" tween="sine"/>
			</animation>

			<!-- Video Codec Flags-->
			<include content="VideoCodecFlag">
				<param name="groupId">40</param><param name="imageId">41</param>
				<param name="visible">Integer.IsEqual(Player.Process(video.source.hdr.type.raw),0) + String.IsEqual(Player.Process(video.bit.depth),8)</param>
				<param name="texture">codecs/SDR8.png</param>
			</include>
			<include content="VideoCodecFlag">
				<param name="groupId">42</param><param name="imageId">43</param>
				<param name="visible">Integer.IsEqual(Player.Process(video.source.hdr.type.raw),0) + String.IsEqual(Player.Process(video.bit.depth),10)</param>
				<param name="texture">codecs/SDR10.png</param>
			</include>
			<include content="VideoCodecFlag">
				<param name="groupId">44</param><param name="imageId">45</param>
				<param name="visible">Integer.IsEqual(Player.Process(video.source.hdr.type.raw),1)</param>
				<param name="texture">codecs/HDR10.png</param>
			</include>
			<include content="VideoCodecFlag">
				<param name="groupId">46</param><param name="imageId">47</param>
				<param name="visible">Integer.IsEqual(Player.Process(video.source.hdr.type.raw),2)</param>
				<param name="texture">codecs/HDR10Plus.png</param>
			</include>
			<include content="VideoCodecFlag">
				<param name="groupId">48</param><param name="imageId">49</param>
				<param name="visible">Integer.IsEqual(Player.Process(video.source.hdr.type.raw),3)</param>
				<param name="texture">codecs/Dolby_Vision.png</param>
			</include>
			<include content="VideoCodecFlag">
				<param name="groupId">50</param><param name="imageId">51</param>
				<param name="visible">Integer.IsEqual(Player.Process(video.source.hdr.type.raw),4)</param>
				<param name="texture">codecs/HLG.png</param>
			</include>

			<!-- Audio Codec Flags-->
			<include content="AudioCodecFlag">
				<param name="groupId">60</param><param name="imageId">61</param>
				<param name="visible">String.IsEqual(VideoPlayer.AudioCodec,pcm) | String.IsEqual(VideoPlayer.AudioCodec,pcm_bluray) | String.IsEqual(VideoPlayer.AudioCodec,pcm_s16le) | String.IsEqual(VideoPlayer.AudioCodec,pcm_s24le)</param>
				<param name="texture">codecs/PCM.png</param>
			</include>
			<include content="AudioCodecFlag">
				<param name="groupId">62</param><param name="imageId">63</param>
				<param name="visible">String.IsEqual(VideoPlayer.AudioCodec,aac) | String.IsEqual(VideoPlayer.AudioCodec,aac_latm)</param>
				<param name="texture">codecs/AAC.png</param>
			</include>
			<include content="AudioCodecFlag">
				<param name="groupId">64</param><param name="imageId">65</param>
				<param name="visible">String.IsEqual(VideoPlayer.AudioCodec,mp3) | String.IsEqual(VideoPlayer.AudioCodec,mp3float)</param>
				<param name="texture">codecs/MP3.png</param>
			</include>
			<include content="AudioCodecFlag">
				<param name="groupId">66</param><param name="imageId">67</param>
				<param name="visible">String.IsEqual(VideoPlayer.AudioCodec,flac)</param>
				<param name="texture">codecs/FLAC.png</param>
			</include>
			<include content="AudioCodecFlag">
				<param name="groupId">68</param><param name="imageId">69</param>
				<param name="visible">String.IsEqual(VideoPlayer.AudioCodec,opus)</param>
				<param name="texture">codecs/OPUS.png</param>
			</include>
			<include content="AudioCodecFlag">
				<param name="groupId">70</param><param name="imageId">71</param>
				<param name="visible">String.IsEqual(VideoPlayer.AudioCodec,dolbydigital) | String.IsEqual(VideoPlayer.AudioCodec,ac3)</param>
				<param name="texture">codecs/Dolby_Audio.png</param>
			</include>
			<include content="AudioCodecFlag">
				<param name="groupId">72</param><param name="imageId">73</param>
				<param name="visible">String.IsEqual(VideoPlayer.AudioCodec,eac3) + !String.Contains(Player.Process(audio.is.dolby.atmos),Atmos)</param>
				<param name="texture">codecs/Dolby_Audio_Plus.png</param>
			</include>
			<include content="AudioCodecFlag">
				<param name="groupId">74</param><param name="imageId">75</param>
				<param name="visible">String.IsEqual(VideoPlayer.AudioCodec,eac3) + String.Contains(Player.Process(audio.is.dolby.atmos),Atmos)</param>
				<param name="texture">codecs/Dolby_Atmos.png</param>
			</include>
			<include content="AudioCodecFlag">
				<param name="groupId">76</param><param name="imageId">77</param>
				<param name="visible">String.IsEqual(VideoPlayer.AudioCodec,truehd) + !String.Contains(Player.Process(audio.is.dolby.atmos),Atmos)</param>
				<param name="texture">codecs/Dolby_Audio_TrueHD.png</param>
			</include>
			<include content="AudioCodecFlag">
				<param name="groupId">78</param><param name="imageId">79</param>
				<param name="visible">String.IsEqual(VideoPlayer.AudioCodec,truehd) + String.Contains(Player.Process(audio.is.dolby.atmos),Atmos)</param>
				<param name="texture">codecs/Dolby_Atmos_TrueHD.png</param>
			</include>
			<include content="AudioCodecFlag">
				<param name="groupId">80</param><param name="imageId">81</param>
				<param name="visible">String.IsEqual(VideoPlayer.AudioCodec,dca)</param>
				<param name="texture">codecs/DTS.png</param>
			</include>
			<include content="AudioCodecFlag">
				<param name="groupId">82</param><param name="imageId">83</param>
				<param name="visible">String.IsEqual(VideoPlayer.AudioCodec,dtshd_hra)</param>
				<param name="texture">codecs/DTS-HD-HRA.png</param>
			</include>
			<include content="AudioCodecFlag">
				<param name="groupId">84</param><param name="imageId">85</param>
				<param name="visible">String.IsEqual(VideoPlayer.AudioCodec,dtshd_ma) + String.IsEqual(Player.Process(audio.dts.x.type),)</param>
				<param name="texture">codecs/DTS-HD-MA.png</param>
			</include>
			<include content="AudioCodecFlag">
				<param name="groupId">86</param><param name="imageId">87</param>
				<param name="visible">String.Contains(Player.Process(audio.dts.x.type),DTS)</param>
				<param name="texture">codecs/DTS-X.png</param>
			</include>
			<include content="AudioCodecFlag">
				<param name="groupId">88</param><param name="imageId">89</param>
				<param name="visible">String.Contains(Player.Process(audio.dts.x.type),IMAX)</param>
				<param name="texture">codecs/IMAX.png</param>
			</include>
		</control>
	</controls>
</window>